PersonId,LocationId,StartTime,EndTime
249,426,1583053428,1583053968
32,237,1583053521,1583053881
302,327,1583054095,1583054335
68,291,1583054489,1583055389
517,336,1583054722,1583056282
665,452,1583054927,1583055287
461,244,1583055393,1583056293
587,158,1583055454,1583057254
235,499,1583055704,1583055824
723,331,1583056276,1583057836
295,326,1583056754,1583058374
610,256,1583057009,1583057309
341,321,1583057166,1583058006
702,221,1583057626,1583059366
539,104,1583057803,1583058403
555,199,1583057822,1583058962
733,106,1583058147,1583058807
711,448,1583058527,1583059427
477,447,1583058663,1583059803
699,411,1583059495,1583060515
244,48,1583059511,1583060351
718,248,1583060078,1583060378
256,101,1583059939,1583060359
234,266,1583060500,1583062060
730,451,1583060734,1583061214
543,489,1583061009,1583061369
527,341,1583061442,1583062582
596,184,1583061373,1583063113
556,404,1583061967,1583062987
234,309,1583062056,1583062296
632,409,1583062297,1583063677
412,198,1583062742,1583063162
49,431,1583063117,1583064917
653,237,1583063532,1583064012
217,131,1583063650,1583064550
464,403,1583063912,1583064272
170,71,1583064046,1583065126
204,406,1583064772,1583065552
170,66,1583065150,1583066830
195,137,1583065337,1583065517
315,18,1583065403,1583066723
604,441,1583065753,1583065933
258,266,1583066250,1583067150
513,91,1583066668,1583067388
579,241,1583066404,1583067544
395,348,1583066753,1583068433
593,411,1583067333,1583068293
621,292,1583067759,1583069439
351,66,1583068018,1583069398
639,497,1583068450,1583069950
89,74,1583068320,1583069340
499,261,1583068836,1583069196
470,119,1583068870,1583070250
236,439,1583069563,1583070163
210,81,1583069582,1583071382
437,498,1583070264,1583070444
123,496,1583070170,1583071250
283,103,1583070777,1583071377
122,362,1583071068,1583071368
16,333,1583071232,1583071352
217,1,1583071759,1583072959
239,154,1583071689,1583072769
399,376,1583072297,1583073137
47,82,1583072311,1583073511
13,367,1583072937,1583073477
438,94,1583073187,1583074687
89,432,1583073307,1583074207
88,27,1583073796,1583074036
132,132,1583073966,1583075046
480,178,1583074001,1583075741
638,106,1583074420,1583074720
274,142,1583074975,1583076475
576,36,1583075032,1583075092
189,128,1583075278,1583075998
512,63,1583075974,1583077294
101,57,1583076238,1583077078
535,289,1583076491,1583077031
247,111,1583076755,1583077235
590,379,1583076612,1583076852
732,32,1583077190,1583077790
694,232,1583077322,1583078042
708,499,1583077722,1583079282
507,478,1583077895,1583078735
108,323,1583078541,1583079261
670,253,1583078934,1583080494
640,201,1583079008,1583080688
269,334,1583079081,1583079261
8,347,1583079802,1583081482
523,378,1583080086,1583081286
175,149,1583080194,1583080794
492,187,1583080730,1583081750
361,142,1583080750,1583081950
720,236,1583081091,1583081331
448,293,1583081326,1583082826
420,326,1583081792,1583083172
236,201,1583082139,1583082379
749,89,1583082226,1583083186
536,76,1583082883,1583083723
121,371,1583083150,1583083510
126,409,1583083137,1583084517
211,282,1583083632,1583085312
231,151,1583083781,1583083901
510,133,1583084280,1583084340
709,241,1583084605,1583086165
310,178,1583084435,1583084675
640,182,1583084838,1583085678
59,259,1583085451,1583087011
585,432,1583085764,1583086604
542,366,1583086158,1583086698
632,96,1583086028,1583087408
386,171,1583086336,1583086756
689,62,1583086805,1583088305
483,91,1583087279,1583087699
150,48,1583087349,1583088489
320,266,1583087541,1583088681
255,414,1583088109,1583088709
455,233,1583088521,1583089841
11,496,1583088425,1583089085
493,241,1583088751,1583089951
689,29,1583089287,1583089887
333,482,1583089769,1583091389
345,278,1583089715,1583090555
60,336,1583089822,1583089942
348,431,1583090485,1583091865
346,222,1583090631,1583091051
749,369,1583090955,1583092695
326,406,1583091445,1583092825
749,121,1583091722,1583092322
353,271,1583091677,1583092697
680,234,1583092079,1583092679
165,207,1583092269,1583093769
255,129,1583092954,1583094574
411,474,1583092825,1583094265
165,371,1583093543,1583094743
405,446,1583093570,1583093870
438,233,1583093975,1583094215
636,261,1583094446,1583094506
280,101,1583094657,1583094717
375,316,1583095054,1583095414
473,156,1583094951,1583096211
373,303,1583095517,1583095997
222,468,1583095828,1583096968
560,372,1583096288,1583097308
493,6,1583096198,1583096978
504,401,1583096635,1583098315
123,353,1583097102,1583097342
365,352,1583097218,1583098838
583,237,1583097522,1583099202
10,386,1583098018,1583098618
654,156,1583098461,1583100141
706,221,1583098581,1583098761
504,267,1583098915,1583100535
494,36,1583099395,1583100955
403,209,1583099618,1583100938
683,483,1583099656,1583100496
361,226,1583099832,1583100912
358,6,1583100390,1583101110
336,67,1583100676,1583101036
498,181,1583100990,1583102430
679,27,1583101073,1583102273
352,172,1583101607,1583101907
125,171,1583101544,1583102924
648,466,1583102023,1583103523
459,442,1583102182,1583103382
596,38,1583102729,1583103269
268,376,1583102834,1583103614
728,342,1583103164,1583104304
416,453,1583103362,1583104262
72,81,1583103656,1583104916
190,167,1583104011,1583104671
687,381,1583104416,1583105316
384,54,1583104625,1583105765
401,359,1583105180,1583105300
13,108,1583105366,1583105906
631,494,1583105623,1583107123
588,148,1583106105,1583106585
96,29,1583106114,1583107374
588,391,1583106785,1583108105
305,192,1583106866,1583107766
149,161,1583107014,1583107434
344,114,1583107517,1583108837
126,432,1583107689,1583107749
75,41,1583108367,1583109387
546,386,1583108343,1583108943
597,102,1583108771,1583109611
415,406,1583108774,1583110034
44,314,1583109252,1583110032
108,96,1583109639,1583110239
257,152,1583109786,1583111286
558,132,1583110477,1583110717
386,486,1583110291,1583112031
635,449,1583111050,1583111710
460,51,1583111150,1583111990
698,208,1583111406,1583112366
372,54,1583111731,1583112151
95,447,1583111753,1583113493
515,496,1583112001,1583113381
663,274,1583112645,1583114085
34,57,1583112672,1583113212
540,463,1583113123,1583113183
365,29,1583113688,1583113748
19,466,1583113752,1583115132
531,6,1583113945,1583114065
726,48,1583114399,1583114459
369,149,1583114787,1583116587
36,151,1583114772,1583115852
419,224,1583115426,1583115786
552,396,1583115725,1583116985
614,31,1583116148,1583117108
207,167,1583115948,1583116788
367,103,1583116553,1583118233
372,406,1583116551,1583116611
489,66,1583117039,1583118119
605,481,1583117524,1583118484
419,189,1583117772,1583119572
38,472,1583117720,1583118020
694,78,1583118052,1583118472
371,34,1583118842,1583119862
388,434,1583118956,1583120156
659,361,1583119417,1583120197
457,102,1583119587,1583120067
545,276,1583120046,1583121126
177,218,1583120075,1583121755
744,214,1583120184,1583121144
309,368,1583120907,1583122287
582,439,1583121163,1583122603
534,334,1583121515,1583122295
0,149,1583121815,1583122835
98,189,1583122107,1583122827
354,121,1583122057,1583122957
718,64,1583122383,1583122683
148,372,1583122669,1583123029
193,474,1583123331,1583123691
510,156,1583123492,1583124452
216,1,1583123628,1583125008
142,151,1583124283,1583125423
385,173,1583124402,1583125182
623,251,1583124816,1583126436
650,188,1583124940,1583126440
228,186,1583125122,1583126922
360,304,1583125369,1583125549
153,391,1583125566,1583126346
251,56,1583126230,1583126350
444,103,1583126517,1583127297
418,264,1583126480,1583127620
577,339,1583126930,1583127530
12,129,1583127266,1583127686
369,432,1583127386,1583128046
538,256,1583128137,1583128797
227,17,1583127949,1583128069
274,116,1583128703,1583128943
355,21,1583128745,1583128865
228,361,1583129102,1583130302
253,382,1583129302,1583129362
748,379,1583129504,1583131244
277,101,1583129703,1583131263
317,376,1583130348,1583131788
112,14,1583130705,1583132385
179,162,1583131109,1583131709
294,466,1583131142,1583132042
732,123,1583131693,1583132713
357,233,1583131570,1583133010
704,162,1583132267,1583133767
510,409,1583132459,1583133419
523,71,1583132859,1583134479
108,121,1583132948,1583133368
63,446,1583133135,1583134935
15,261,1583133491,1583134511
265,334,1583133636,1583135316
362,167,1583133906,1583135346
428,71,1583134453,1583136073
357,304,1583135100,1583136540
433,302,1583135134,1583136514
77,264,1583135192,1583136452
628,156,1583135997,1583137737
569,448,1583135958,1583136918
433,36,1583136041,1583136641
717,302,1583136779,1583137439
280,294,1583136726,1583137326
516,122,1583136904,1583138464
234,417,1583137614,1583138154
484,351,1583137712,1583138492
736,371,1583137928,1583139548
239,52,1583138600,1583138780
363,401,1583138851,1583140231
218,213,1583138911,1583140171
687,237,1583139522,1583139582
672,197,1583139723,1583139963
105,232,1583139800,1583141180
247,387,1583140010,1583140070
550,399,1583140651,1583142331
12,363,1583140885,1583141725
647,57,1583140878,1583141058
118,361,1583141489,1583141549
546,383,1583141498,1583143238
540,356,1583141818,1583143018
719,71,1583142306,1583143746
452,356,1583142852,1583143272
531,316,1583143151,1583144171
127,41,1583143437,1583144817
677,361,1583143516,1583145136
446,401,1583143711,1583144491
725,258,1583144029,1583145589
579,226,1583144442,1583145102
146,13,1583144987,1583146547
84,326,1583145291,1583145831
619,174,1583145258,1583145918
746,86,1583145899,1583146079
195,316,1583145608,1583145968
114,438,1583146467,1583146527
148,97,1583146733,1583147693
488,121,1583146989,1583147049
65,52,1583146852,1583148292
608,387,1583147594,1583147894
519,341,1583147874,1583148294
111,463,1583147953,1583148853
615,212,1583148138,1583148978
79,24,1583148370,1583148850
647,126,1583148629,1583150429
561,88,1583149196,1583150216
260,478,1583149472,1583150372
119,168,1583149965,1583150385
619,156,1583149954,1583150734
78,273,1583150148,1583151228
409,204,1583150868,1583152668
655,301,1583150836,1583152156
346,458,1583151449,1583152109
607,153,1583151617,1583152757
91,448,1583151835,1583153335
460,96,1583152169,1583153489
579,391,1583152519,1583154139
216,278,1583152660,1583153800
446,241,1583152904,1583153624
238,326,1583153580,1583154480
448,499,1583153788,1583153908
187,403,1583153870,1583154590
201,6,1583154475,1583154535
670,147,1583154397,1583155237
113,83,1583154648,1583155368
585,189,1583155393,1583157193
497,67,1583155214,1583156414
242,346,1583156091,1583156991
79,113,1583156173,1583156473
113,111,1583156284,1583157844
446,361,1583156703,1583157063
161,233,1583156994,1583158674
356,386,1583157293,1583158493
579,141,1583157428,1583157848
408,51,1583157752,1583159012
370,154,1583158332,1583158572
735,342,1583158510,1583158810
333,54,1583158929,1583159229
171,6,1583159288,1583160428
307,217,1583159614,1583159974
581,162,1583159996,1583161616
507,191,1583160123,1583160603
588,139,1583160250,1583160610
241,191,1583160558,1583161698
149,434,1583160618,1583162358
91,312,1583161175,1583162075
257,114,1583161535,1583162975
561,353,1583162083,1583163223
740,458,1583161854,1583162094
391,9,1583162486,1583162606
412,164,1583162899,1583163139
414,104,1583162708,1583164088
599,244,1583163466,1583163586
25,277,1583163592,1583164312
91,406,1583164150,1583165770
353,84,1583164356,1583165616
738,476,1583164515,1583164695
481,286,1583164981,1583166301
603,96,1583164941,1583165241
204,39,1583165137,1583166877
68,223,1583165639,1583166719
575,272,1583165819,1583166479
680,31,1583166587,1583168087
346,234,1583166344,1583167484
65,147,1583166891,1583167071
708,108,1583167043,1583167703
404,274,1583167404,1583169084
245,188,1583167682,1583168402
256,91,1583167845,1583168805
629,111,1583168570,1583169110
443,468,1583168954,1583169974
385,23,1583168838,1583169198
147,83,1583169307,1583169967
243,273,1583169679,1583169919
702,261,1583169804,1583171004
158,16,1583169961,1583170381
661,358,1583170340,1583171720
146,492,1583171001,1583171721
75,191,1583170898,1583171558
710,459,1583171687,1583171927
393,386,1583171591,1583172311
271,28,1583171950,1583173690
158,82,1583172025,1583173465
84,392,1583172359,1583173619
154,349,1583173020,1583174820
353,1,1583173254,1583174214
742,181,1583173218,1583173338
308,141,1583174023,1583175823
121,383,1583173905,1583174205
562,412,1583174210,1583175770
493,51,1583174434,1583174494
82,41,1583175288,1583175468
343,249,1583175233,1583176193
509,76,1583175479,1583176739
390,442,1583176039,1583177479
302,99,1583176500,1583177760
35,432,1583176444,1583176504
168,34,1583176698,1583178018
659,326,1583177140,1583178460
313,4,1583177221,1583177281
746,451,1583177731,1583179411
635,107,1583177737,1583178517
747,477,1583178141,1583178441
536,219,1583178423,1583179923
195,332,1583178891,1583179971
337,244,1583179360,1583179720
678,451,1583179776,1583180076
700,78,1583179953,1583181033
125,499,1583179991,1583181131
188,208,1583180466,1583182206
200,91,1583180585,1583181485
327,178,1583180972,1583181932
524,339,1583181278,1583182838
686,107,1583181584,1583183084
85,444,1583181900,1583182140
441,171,1583182393,1583182993
471,432,1583182771,1583183791
561,443,1583182813,1583182993
556,163,1583183242,1583184322
612,331,1583183121,1583184621
36,167,1583183810,1583184770
686,184,1583184157,1583184997
115,21,1583184413,1583185193
339,301,1583184315,1583185815
307,174,1583185154,1583185754
404,478,1583185115,1583186675
12,151,1583185463,1583186303
14,211,1583186070,1583187690
123,159,1583186186,1583187326
81,194,1583186318,1583186918
502,176,1583186973,1583187513
189,468,1583186721,1583188041
202,359,1583187152,1583187872
7,419,1583187568,1583189128
57,121,1583187663,1583189223
292,62,1583188104,1583189004
649,449,1583188732,1583190292
179,246,1583188677,1583189397
543,61,1583189288,1583189408
408,111,1583189195,1583190395
324,467,1583189857,1583191597
479,371,1583190122,1583191142
408,28,1583190198,1583191938
160,482,1583190700,1583191780
442,258,1583190831,1583191251
366,191,1583191297,1583191777
686,13,1583191642,1583192482
548,146,1583192012,1583192672
275,19,1583191856,1583193116
350,271,1583192599,1583193139
306,261,1583192889,1583194269
172,379,1583193115,1583193895
230,194,1583193376,1583194696
429,6,1583193765,1583194665
748,47,1583194162,1583195662
573,113,1583194439,1583196119
14,346,1583194304,1583195564
41,324,1583194984,1583196604
601,91,1583194853,1583196233
722,273,1583195341,1583197081
648,247,1583195859,1583197359
364,196,1583196137,1583197037
99,111,1583196105,1583196165
567,406,1583196800,1583197700
448,166,1583196925,1583198605
74,59,1583197482,1583197722
621,252,1583197292,1583197772
465,147,1583197905,1583199645
674,326,1583198302,1583198422
292,426,1583198434,1583200054
232,101,1583198497,1583200237
576,199,1583199077,1583199497
220,46,1583199271,1583200831
703,21,1583199805,1583200645
121,271,1583199684,1583201184
56,64,1583199942,1583200782
408,403,1583200515,1583201535
730,64,1583200712,1583202452
337,426,1583201337,1583201877
544,147,1583201552,1583201792
684,114,1583201693,1583202533
215,366,1583202030,1583203530
516,456,1583202395,1583202995
165,346,1583202704,1583203964
341,156,1583203021,1583203381
247,6,1583203401,1583204121
39,287,1583203443,1583205123
327,226,1583203571,1583204291
183,366,1583204273,1583205833
590,119,1583204616,1583205156
448,66,1583204613,1583204793
418,421,1583205122,1583205602
727,136,1583205111,1583205651
395,169,1583205507,1583206107
233,139,1583205800,1583207180
698,264,1583206233,1583206953
318,42,1583206340,1583207060
68,381,1583206552,1583208352
744,181,1583206964,1583208584
385,212,1583207670,1583209170
720,296,1583207788,1583208088
142,229,1583207938,1583209378
228,206,1583208411,1583210211
674,136,1583208628,1583210188
197,364,1583209153,1583209453
40,109,1583208902,1583210162
431,446,1583209788,1583210688
196,146,1583209915,1583210395
199,306,1583210095,1583211535
709,109,1583210605,1583210845
484,326,1583210863,1583211523
200,368,1583210909,1583211509
272,436,1583211219,1583212419
142,126,1583211803,1583212283
104,296,1583212046,1583212226
179,366,1583212146,1583212806
528,439,1583212657,1583213017
540,72,1583212864,1583213284
301,461,1583213071,1583214631
35,446,1583213665,1583214745
618,291,1583213974,1583214634
307,43,1583213847,1583214087
262,322,1583214282,1583215722
717,459,1583214355,1583214715
423,303,1583214849,1583214969
333,28,1583215439,1583216279
617,216,1583215418,1583215898
566,494,1583216096,1583216636
710,336,1583215839,1583217099
36,321,1583216433,1583218173
284,384,1583216746,1583217586
539,331,1583217270,1583218950
749,198,1583217528,1583218368
562,51,1583217632,1583217812
68,361,1583217657,1583218137
220,393,1583218363,1583218603
327,158,1583218465,1583218825
204,496,1583218641,1583218941
564,451,1583218942,1583219362
660,261,1583219368,1583220328
430,71,1583219841,1583221401
313,141,1583220005,1583221265
352,136,1583220083,1583220203
288,364,1583220432,1583221632
290,113,1583221181,1583221781
289,167,1583221023,1583221383
697,436,1583221580,1583222660
262,321,1583221910,1583222150
701,214,1583222305,1583223505
135,306,1583222584,1583224204
443,84,1583222560,1583223580
334,324,1583222843,1583224103
528,303,1583223146,1583224586
677,383,1583223337,1583224357
84,292,1583223933,1583224533
241,459,1583224026,1583225766
589,376,1583224460,1583226080
166,246,1583225089,1583226169
586,349,1583224809,1583225769
413,388,1583225466,1583226546
264,254,1583225597,1583226137
17,136,1583226276,1583226936
189,441,1583226282,1583226342
273,358,1583226570,1583226690
307,367,1583227175,1583227535
37,262,1583227073,1583228693
664,286,1583227434,1583228874
713,437,1583227698,1583228898
565,8,1583228256,1583229516
528,51,1583228328,1583230128
174,266,1583228778,1583229018
36,496,1583229031,1583230771
252,298,1583229432,1583230932
60,434,1583229726,1583231286
255,61,1583230134,1583231514
161,406,1583230414,1583231734
237,62,1583230366,1583230966
271,394,1583231062,1583232682
176,256,1583231160,1583232360
392,263,1583231375,1583231855
505,331,1583231724,1583232984
268,477,1583232002,1583233442
336,436,1583232147,1583232387
119,279,1583232612,1583234052
606,332,1583232723,1583232783
646,447,1583233337,1583233817
478,384,1583233565,1583235245
10,94,1583233968,1583234868
39,496,1583234250,1583235030
301,81,1583234149,1583234509
502,76,1583234619,1583236179
522,91,1583235089,1583235389
402,32,1583235132,1583236932
126,191,1583235871,1583237431
736,337,1583236006,1583236906
214,371,1583236180,1583236660
251,251,1583236349,1583237369
307,291,1583236506,1583238306
34,28,1583236989,1583237769
681,181,1583237627,1583239427
167,488,1583237697,1583239377
649,413,1583238044,1583238284
701,322,1583238074,1583238254
519,84,1583238834,1583239494
360,82,1583239117,1583240077
711,82,1583239488,1583240628
554,151,1583239796,1583240576
385,372,1583240060,1583240840
472,251,1583240084,1583241104
548,31,1583240397,1583241897
375,456,1583240478,1583241918
635,429,1583241022,1583241622
71,298,1583241258,1583242998
285,312,1583241742,1583243542
351,78,1583242020,1583243700
191,329,1583242255,1583243695
668,84,1583242692,1583244372
442,428,1583242841,1583243501
749,227,1583242918,1583243758
100,146,1583243318,1583244458
603,32,1583243719,1583243779
45,41,1583244039,1583244399
719,276,1583244515,1583244875
311,46,1583244347,1583245967
368,231,1583244803,1583245523
166,126,1583245396,1583246536
193,341,1583245537,1583247337
198,211,1583245857,1583247477
17,148,1583246316,1583246916
740,427,1583246486,1583247806
448,396,1583246982,1583247522
45,401,1583246898,1583247858
732,371,1583247277,1583248837
348,442,1583247519,1583248719
679,34,1583247795,1583247855
645,244,1583247904,1583248024
14,384,1583248544,1583248964
258,246,1583248820,1583249360
678,173,1583249014,1583250394
172,291,1583249534,1583249594
21,328,1583249802,1583251002
23,439,1583249809,1583250949
342,266,1583250522,1583251722
492,298,1583250798,1583251878
159,376,1583250708,1583250828
367,437,1583251128,1583251788
360,203,1583251601,1583252201
245,426,1583251558,1583252938
633,351,1583251980,1583253480
60,258,1583252328,1583253648
506,338,1583252995,1583254195
738,186,1583252963,1583253383
512,337,1583253141,1583254221
63,213,1583253559,1583254399
420,317,1583254018,1583254078
52,454,1583254096,1583254216
355,143,1583254409,1583254829
88,399,1583254846,1583256586
65,174,1583255052,1583256012
344,67,1583255481,1583255601
269,28,1583255422,1583256622
149,251,1583255877,1583256417
125,133,1583256245,1583257025
504,18,1583256542,1583257442
36,192,1583257012,1583257672
453,363,1583257425,1583257725
432,278,1583257385,1583257865
214,464,1583257743,1583258283
69,177,1583257878,1583259258
186,432,1583258168,1583258228
233,77,1583258987,1583260727
706,7,1583259075,1583259135
461,408,1583259061,1583260441
252,43,1583259737,1583260217
180,349,1583259686,1583260166
194,381,1583260487,1583262287
252,287,1583260521,1583262261
340,189,1583260776,1583261676
631,358,1583261319,1583261379
35,126,1583261171,1583261651
113,47,1583261764,1583263324
56,48,1583262145,1583262745
250,399,1583262127,1583263807
489,464,1583262798,1583264178
512,464,1583263095,1583264775
393,287,1583263461,1583264601
587,294,1583263418,1583264558
583,11,1583263837,1583264737
86,456,1583264148,1583265108
386,142,1583264485,1583266105
234,366,1583264934,1583265414
217,272,1583264987,1583266607
559,64,1583265104,1583266364
390,64,1583265621,1583267001
557,421,1583265779,1583267159
603,359,1583266452,1583268012
493,221,1583266652,1583267852
264,336,1583267019,1583268639
156,201,1583266995,1583267475
338,3,1583267282,1583267942
586,291,1583267954,1583268494
424,127,1583267856,1583268276
293,169,1583268440,1583268800
691,407,1583268462,1583269722
666,276,1583268826,1583269366
701,11,1583269348,1583270968
343,397,1583269449,1583270769
55,274,1583269924,1583270644
739,271,1583269920,1583270520
513,163,1583270302,1583271142
249,56,1583270687,1583272127
546,34,1583270745,1583271405
418,313,1583271458,1583273078
657,52,1583271583,1583272363
220,61,1583271683,1583271863
390,211,1583272070,1583273270
340,232,1583272683,1583274483
430,376,1583272911,1583274531
167,486,1583273208,1583274168
272,486,1583273176,1583273536
499,374,1583273420,1583274920
592,21,1583274206,1583274446
193,492,1583274023,1583275643
594,146,1583274347,1583274407
685,476,1583275111,1583275171
681,143,1583275137,1583275677
0,91,1583275499,1583276219
695,132,1583275800,1583276520
650,266,1583276234,1583276474
31,479,1583276636,1583277416
612,236,1583276403,1583278023
111,422,1583277163,1583278843
304,108,1583277208,1583278228
54,177,1583277457,1583277697
620,404,1583277697,1583279317
385,64,1583278078,1583278558
601,476,1583278264,1583278504
9,71,1583278621,1583279101
464,233,1583279263,1583279863
415,74,1583279367,1583280327
695,499,1583279675,1583280035
683,81,1583279729,1583281529
542,364,1583280515,1583281055
488,382,1583280609,1583281329
388,36,1583281013,1583281853
672,297,1583281458,1583283138
163,43,1583281540,1583282800
574,497,1583282001,1583283141
183,76,1583281830,1583283030
739,292,1583282410,1583283250
275,329,1583282502,1583283162
306,356,1583282971,1583283511
655,387,1583283569,1583284469
535,191,1583283492,1583284212
508,221,1583283786,1583285406
502,411,1583284296,1583285196
286,269,1583284318,1583284978
79,263,1583284865,1583285405
593,102,1583285177,1583285417
638,359,1583285115,1583285355
277,464,1583285489,1583286509
65,88,1583285877,1583286957
314,13,1583286442,1583288062
521,201,1583286430,1583286550
686,351,1583287056,1583287236
473,471,1583287466,1583287706
582,331,1583287503,1583289303
695,349,1583287872,1583289312
649,417,1583288027,1583288627
635,386,1583288642,1583290442
347,4,1583288762,1583289962
525,473,1583289146,1583290166
522,344,1583289017,1583290277
319,72,1583289762,1583291262
68,272,1583289754,1583290474
448,294,1583290135,1583290375
183,421,1583290516,1583292016
428,452,1583290781,1583292281
390,326,1583290853,1583291153
435,227,1583291200,1583292580
102,376,1583291968,1583293108
442,246,1583291751,1583292111
438,224,1583292176,1583292776
328,189,1583292679,1583293699
198,266,1583292853,1583294593
291,408,1583293220,1583294420
714,214,1583293749,1583293929
567,176,1583293679,1583294999
734,408,1583294239,1583295679
117,141,1583294593,1583295553
564,193,1583294738,1583296298
57,292,1583294786,1583295206
713,438,1583295209,1583297009
63,256,1583295893,1583297153
562,387,1583296157,1583296997
15,358,1583296463,1583298263
500,393,1583296399,1583296879
375,46,1583296666,1583297986
82,187,1583297141,1583298101
30,271,1583297164,1583298844
513,238,1583297930,1583299730
518,271,1583298279,1583298519
618,371,1583298434,1583299454
630,216,1583298396,1583299836
288,36,1583299007,1583299247
341,483,1583299397,1583299577
246,461,1583299294,1583300854
497,231,1583299945,1583300365
524,319,1583299883,1583300663
52,221,1583300236,1583300956
620,174,1583300775,1583301975
617,341,1583300998,1583302738
116,141,1583301299,1583302439
85,26,1583301816,1583302176
570,346,1583302141,1583302201
521,411,1583302394,1583303474
702,446,1583302648,1583303548
97,218,1583302709,1583303909
559,177,1583302936,1583303236
743,6,1583303599,1583304079
222,401,1583303578,1583305078
469,437,1583303786,1583305046
746,286,1583304374,1583305394
87,1,1583304368,1583304908
593,77,1583305107,1583305527
614,72,1583304981,1583305221
345,252,1583305472,1583307092
627,16,1583305665,1583307225
510,452,1583305872,1583306112
174,216,1583306513,1583306933
24,251,1583306792,1583307572
456,477,1583306744,1583308544
644,41,1583307039,1583307879
200,249,1583307897,1583308197
676,39,1583308142,1583308742
481,76,1583308011,1583308191
107,374,1583308375,1583309995
18,81,1583308818,1583310498
299,161,1583309342,1583311082
201,227,1583309317,1583310397
200,226,1583309868,1583310528
400,338,1583309965,1583310565
249,29,1583310497,1583311217
249,353,1583310696,1583311956
631,126,1583310829,1583312389
192,313,1583311350,1583313090
617,498,1583311359,1583312019
722,181,1583311930,1583312530
294,183,1583311827,1583312727
145,138,1583312564,1583313464
504,334,1583312417,1583312657
637,39,1583313068,1583313128
164,76,1583313234,1583314434
645,273,1583313799,1583315599
371,6,1583313633,1583314293
259,476,1583313970,1583314030
213,252,1583314644,1583315844
398,41,1583314679,1583315159
404,277,1583314857,1583315217
444,309,1583315235,1583315295
364,18,1583315934,1583317014
274,272,1583315729,1583316029
607,83,1583316108,1583317608
351,497,1583316656,1583317016
560,359,1583316619,1583316679
713,83,1583316937,1583318317
46,83,1583317222,1583319022
465,408,1583317930,1583319610
373,409,1583317992,1583318232
404,84,1583318541,1583319501
111,306,1583318990,1583320430
158,177,1583319171,1583320971
10,106,1583319351,1583319651
236,401,1583319457,1583321077
341,11,1583320141,1583320681
199,411,1583319972,1583321412
390,298,1583320579,1583320759
446,288,1583320662,1583322402
453,244,1583321307,1583322087
84,341,1583321589,1583322729
634,84,1583321521,1583322961
488,301,1583322246,1583323146
127,498,1583322225,1583322885
366,259,1583322808,1583324128
548,123,1583323193,1583323853
505,446,1583323227,1583323347
545,396,1583323538,1583325038
107,496,1583323830,1583324010
465,251,1583324218,1583325658
15,39,1583324441,1583325881
543,243,1583324827,1583325547
431,38,1583324931,1583325051
449,336,1583325575,1583327375
108,388,1583325393,1583326833
743,303,1583325676,1583327116
566,439,1583326106,1583327006
320,383,1583326686,1583328246
472,312,1583326813,1583327233
198,351,1583327138,1583327438
26,214,1583327205,1583328525
264,227,1583327657,1583329397
403,196,1583327925,1583329365
386,478,1583328027,1583329467
220,211,1583328566,1583330186
604,198,1583329074,1583330274
385,311,1583329268,1583330468
532,119,1583329441,1583329801
82,51,1583329653,1583329953
533,22,1583330190,1583331570
573,331,1583330121,1583330901
51,433,1583330532,1583332272
744,226,1583331155,1583332895
444,56,1583331198,1583331618
542,398,1583331340,1583333080
78,291,1583331951,1583332251
46,361,1583332479,1583334219
538,366,1583332361,1583334161
204,353,1583333050,1583333170
323,53,1583333015,1583334035
564,13,1583333498,1583334458
62,239,1583333933,1583334893
314,38,1583334063,1583335263
378,67,1583334436,1583335936
538,236,1583334300,1583335380
692,278,1583334603,1583335743
250,424,1583335138,1583335978
680,42,1583335493,1583336453
424,284,1583335519,1583336119
611,426,1583336391,1583338191
37,413,1583336111,1583337431
456,201,1583336534,1583337554
298,498,1583337272,1583339012
384,418,1583337392,1583337692
551,351,1583337809,1583339549
108,316,1583338071,1583339811
534,273,1583337911,1583339231
274,496,1583338561,1583339221
618,351,1583338734,1583339154
667,424,1583339028,1583340348
719,371,1583339400,1583339880
728,376,1583339749,1583341249
646,359,1583340251,1583341331
191,228,1583340076,1583340496
339,466,1583340385,1583341585
717,298,1583341045,1583341705
633,69,1583341102,1583341702
414,93,1583341411,1583341891
464,174,1583341779,1583343039
735,353,1583341973,1583342753
228,343,1583342180,1583343740
436,491,1583342959,1583343199
447,108,1583343268,1583343328
484,372,1583343476,1583345156
676,124,1583343812,1583344592
27,468,1583343832,1583345512
567,33,1583344203,1583344623
585,279,1583344708,1583345548
305,441,1583344633,1583345893
369,84,1583345170,1583345350
142,51,1583345272,1583346172
737,181,1583345999,1583347799
712,232,1583346295,1583347015
192,286,1583346444,1583347524
250,217,1583346524,1583347664
280,441,1583346966,1583347326
137,313,1583346979,1583347519
707,309,1583347425,1583348145
360,87,1583347922,1583348042
698,272,1583348114,1583348414
744,147,1583348645,1583349605
523,121,1583348876,1583349416
445,399,1583348995,1583349535
745,156,1583349082,1583349622
134,79,1583349786,1583351226
383,436,1583349707,1583350187
615,21,1583350161,1583351001
581,226,1583350621,1583351701
670,197,1583350628,1583352428
164,198,1583351395,1583352295
725,227,1583351393,1583352473
441,434,1583351724,1583351904
234,472,1583351896,1583351956
555,189,1583352499,1583353639
450,436,1583352471,1583353011
404,436,1583352971,1583354651
502,363,1583352972,1583354652
103,9,1583353788,1583354748
570,239,1583353700,1583355500
375,89,1583354074,1583355394
678,52,1583354368,1583354488
266,13,1583354403,1583355843
248,383,1583355288,1583356728
385,436,1583355096,1583356416
94,223,1583355448,1583357128
526,361,1583355908,1583356628
630,369,1583356448,1583357408
142,184,1583356269,1583357049
486,47,1583356592,1583358212
644,136,1583357118,1583357418
342,96,1583357588,1583358668
42,206,1583357760,1583358360
49,81,1583357930,1583359370
334,252,1583358283,1583358643
339,146,1583358659,1583359859
38,468,1583358994,1583359654
115,148,1583359061,1583359361
32,101,1583359610,1583359730
506,191,1583359766,1583360846
362,361,1583360020,1583360980
630,421,1583360554,1583360794
134,194,1583360589,1583360889
401,152,1583360980,1583361700
420,421,1583361365,1583363165
130,477,1583361406,1583362786
344,9,1583361850,1583363290
459,343,1583362419,1583363439
252,26,1583362529,1583363369
530,86,1583362763,1583364503
471,311,1583362913,1583363093
105,447,1583363519,1583364119
514,118,1583363514,1583364234
631,332,1583363798,1583364818
469,218,1583364090,1583365350
337,352,1583364640,1583364820
503,247,1583364620,1583365940
637,254,1583365190,1583366810
38,297,1583365458,1583365578
186,4,1583365656,1583366916
334,339,1583366264,1583367344
262,43,1583366439,1583366679
197,446,1583366794,1583367814
83,439,1583367160,1583367340
264,321,1583367208,1583367688
430,206,1583367678,1583368698
146,102,1583367737,1583368457
82,119,1583367923,1583368583
660,7,1583368399,1583368819
229,126,1583368677,1583369457
358,198,1583369373,1583371053
222,76,1583369385,1583369625
466,139,1583369526,1583370366
258,102,1583369929,1583370829
37,131,1583370146,1583370266
115,404,1583370530,1583371190
97,382,1583370894,1583371914
124,233,1583371486,1583372566
547,266,1583371249,1583372629
221,366,1583371976,1583372216
181,92,1583371817,1583373437
363,217,1583372162,1583373482
446,486,1583372415,1583372535
249,43,1583373300,1583373360
564,394,1583373560,1583374580
472,116,1583373764,1583375324
235,198,1583373992,1583374292
101,114,1583374045,1583375365
392,496,1583374350,1583375730
129,159,1583374961,1583376161
532,177,1583375024,1583375744
625,174,1583375650,1583377090
157,234,1583375489,1583377169
420,341,1583376103,1583377423
161,344,1583376057,1583377137
619,306,1583376817,1583378617
397,326,1583376957,1583377737
274,48,1583377203,1583377563
653,259,1583377711,1583378851
645,357,1583377604,1583378864
208,136,1583378387,1583379947
536,294,1583378640,1583378700
377,143,1583378571,1583379771
690,317,1583379062,1583380142
220,116,1583379568,1583379988
482,336,1583379674,1583380874
577,333,1583380187,1583381867
425,159,1583380230,1583380830
693,71,1583380386,1583380926
523,286,1583380551,1583381391
673,421,1583381339,1583382539
366,216,1583381213,1583381933
158,77,1583381900,1583382740
72,276,1583382044,1583383544
521,64,1583382345,1583382885
568,422,1583382838,1583384218
748,498,1583382884,1583384684
304,116,1583383332,1583384472
95,44,1583383279,1583385079
499,497,1583383837,1583384497
651,247,1583384055,1583384235
362,104,1583384255,1583384375
261,341,1583384476,1583384656
240,416,1583384790,1583385570
339,7,1583385303,1583386083
363,199,1583385533,1583387093
136,283,1583386062,1583387502
562,227,1583386346,1583388086
678,332,1583386285,1583387545
397,134,1583386871,1583387771
427,384,1583386945,1583388505
405,456,1583387363,1583387723
560,14,1583387978,1583389718
273,3,1583387763,1583388903
511,434,1583388363,1583388963
242,231,1583388592,1583390032
72,311,1583389119,1583390379
42,473,1583388903,1583390343
261,407,1583389581,1583390481
421,353,1583389518,1583390298
745,14,1583389896,1583390976
619,246,1583390526,1583392086
31,198,1583390833,1583391253
169,463,1583391033,1583391393
730,306,1583391568,1583392228
217,143,1583391617,1583392877
78,246,1583391723,1583392503
544,71,1583392113,1583393013
251,112,1583392685,1583393705
556,377,1583392879,1583393899
166,262,1583392870,1583393710
293,319,1583393392,1583394292
670,477,1583393694,1583394954
737,21,1583394061,1583394781
605,31,1583394077,1583394497
733,303,1583394893,1583396333
271,314,1583394652,1583395552
406,96,1583395262,1583396882
537,209,1583395592,1583397032
739,249,1583395567,1583395867
313,236,1583395881,1583396181
264,6,1583396142,1583396562
154,298,1583396530,1583397730
733,171,1583396835,1583397615
130,331,1583397050,1583397950
566,23,1583397771,1583398671
73,342,1583397617,1583399417
38,62,1583398308,1583398968
161,76,1583398282,1583399842
153,303,1583398585,1583400145
136,278,1583399356,1583400136
602,469,1583399562,1583400342
525,213,1583399496,1583400576
397,266,1583399933,1583400053
335,417,1583400320,1583400380
559,54,1583400551,1583400851
189,216,1583400938,1583401178
598,482,1583401267,1583402407
434,12,1583401485,1583402685
689,296,1583401517,1583403137
65,362,1583401936,1583402536
346,278,1583402584,1583403004
689,456,1583402779,1583404519
467,302,1583403051,1583403291
357,84,1583403110,1583404010
619,26,1583403718,1583404318
132,323,1583403741,1583405241
231,229,1583403903,1583404743
690,124,1583404584,1583405484
375,234,1583404905,1583406645
324,297,1583405388,1583406048
515,416,1583405528,1583406248
33,441,1583405572,1583406472
502,342,1583406300,1583407920
713,61,1583406352,1583406412
684,286,1583406886,1583407726
448,86,1583406944,1583408564
325,294,1583406985,1583408425
428,406,1583407457,1583407517
215,173,1583407759,1583407819
510,407,1583408360,1583408420
175,362,1583408674,1583409694
4,437,1583408525,1583409965
176,56,1583409103,1583409883
455,329,1583409254,1583409374
494,34,1583409800,1583411360
624,124,1583409644,1583410064
183,138,1583409962,1583411042
65,178,1583410642,1583411242
486,417,1583410650,1583411490
349,461,1583410869,1583411769
69,394,1583411183,1583411423
330,346,1583411981,1583413301
614,347,1583412083,1583412803
97,472,1583412173,1583412293
568,439,1583412473,1583413733
336,34,1583412721,1583413621
577,222,1583413486,1583413966
357,171,1583413608,1583415228
739,283,1583413917,1583415657
556,218,1583414162,1583415122
277,426,1583414451,1583416011
75,428,1583414477,1583415257
470,306,1583414739,1583415459
203,471,1583415450,1583416410
388,36,1583415643,1583416243
455,71,1583415865,1583417305
655,107,1583416189,1583416849
130,444,1583416210,1583418010
336,311,1583417009,1583417669
493,366,1583417291,1583418191
254,222,1583417415,1583417535
738,114,1583417621,1583419421
338,16,1583418212,1583418452
118,416,1583418404,1583419844
303,439,1583418396,1583419836
427,118,1583418821,1583419841
222,126,1583419044,1583419764
398,86,1583419760,1583421140
434,51,1583419627,1583419807
476,418,1583420397,1583421057
150,218,1583420309,1583420369
679,381,1583420474,1583421134
324,366,1583420900,1583421980
162,374,1583421204,1583421564
511,119,1583421685,1583423245
578,341,1583421752,1583422952
66,163,1583422003,1583422183
358,387,1583422404,1583422464
241,28,1583422844,1583423204
476,296,1583423130,1583424270
724,3,1583423234,1583424314
710,386,1583423804,1583423864
250,79,1583423967,1583424447
697,362,1583424075,1583425875
176,186,1583424340,1583425720
482,149,1583425076,1583426696
53,246,1583425211,1583426831
385,81,1583425364,1583426564
22,249,1583425784,1583426684
258,303,1583426335,1583426635
482,239,1583426126,1583427806
74,379,1583426711,1583428091
156,102,1583426803,1583427223
388,438,1583427210,1583428770
148,401,1583427712,1583428192
683,71,1583427975,1583428995
399,141,1583428451,1583428691
86,9,1583428665,1583430105
378,418,1583428954,1583429674
419,194,1583429154,1583429934
617,208,1583429385,1583429985
443,468,1583429525,1583430065
527,194,1583430161,1583431361
355,168,1583430435,1583431695
556,411,1583430536,1583432336
235,183,1583430803,1583432243
470,111,1583431251,1583432451
624,169,1583431370,1583432690
85,36,1583431684,1583433424
366,339,1583431918,1583432518
269,161,1583432638,1583433478
533,68,1583432710,1583434510
179,374,1583433017,1583433917
338,354,1583433488,1583435108
266,308,1583433457,1583433877
389,154,1583433673,1583434873
98,127,1583434250,1583435090
464,208,1583434706,1583435066
738,334,1583434935,1583436435
87,308,1583434869,1583436249
547,137,1583435207,1583436347
183,166,1583435426,1583435966
419,131,1583436044,1583436284
708,128,1583436174,1583436894
7,301,1583436897,1583438517
594,429,1583436614,1583437634
202,406,1583437412,1583438132
43,7,1583437791,1583438871
125,48,1583437586,1583439146
722,396,1583438259,1583439699
711,116,1583438526,1583440026
465,248,1583438902,1583439382
586,243,1583439192,1583439492
631,183,1583439225,1583440065
222,121,1583439745,1583440285
697,263,1583440195,1583441335
636,121,1583440250,1583440910
654,159,1583440444,1583440504
336,303,1583440587,1583440707
73,339,1583440937,1583442737
347,376,1583441239,1583442679
274,333,1583441424,1583442624
583,101,1583441771,1583442971
580,362,1583442205,1583442865
742,77,1583442435,1583443215
18,109,1583443002,1583443662
449,66,1583443445,1583444945
438,476,1583443656,1583445096
547,453,1583443882,1583445082
748,146,1583444371,1583446111
31,14,1583444209,1583445889
184,381,1583444467,1583445247
71,301,1583445068,1583446028
565,216,1583445600,1583446080
691,401,1583445635,1583445815
225,299,1583446148,1583447348
406,41,1583446060,1583446900
49,86,1583446615,1583447695
72,44,1583446665,1583447205
363,111,1583446955,1583447795
645,477,1583447554,1583447974
262,352,1583447853,1583448453
179,253,1583447733,1583449053
368,346,1583448442,1583449282
716,371,1583448581,1583450381
611,397,1583448667,1583449927
144,171,1583449048,1583450248
408,332,1583449212,1583450172
52,381,1583450010,1583450490
530,43,1583450228,1583450768
184,439,1583450365,1583451745
302,259,1583450474,1583451854
516,384,1583451274,1583452714
307,253,1583451475,1583453155
63,126,1583451370,1583452090
434,21,1583451760,1583452900
332,393,1583452400,1583453840
398,51,1583452449,1583452749
506,264,1583452970,1583454290
360,272,1583452818,1583453418
453,384,1583453634,1583455434
521,231,1583453955,1583454975
363,446,1583453886,1583454486
6,278,1583454524,1583455244
504,481,1583454576,1583455536
553,261,1583454807,1583456187
285,99,1583455270,1583455450
709,6,1583455503,1583456703
111,63,1583456062,1583457802
735,459,1583455894,1583456494
213,102,1583456444,1583458244
278,356,1583456698,1583458318
497,381,1583456917,1583457697
493,99,1583457412,1583458192
26,253,1583457478,1583457778
336,446,1583458097,1583459657
90,92,1583458097,1583458337
681,64,1583458309,1583459029
308,473,1583459082,1583460882
330,331,1583459312,1583460572
491,334,1583459612,1583461352
327,14,1583459699,1583459879
724,141,1583459750,1583459810
671,99,1583460434,1583461454
470,271,1583460869,1583462069
336,438,1583460783,1583461623
647,166,1583461317,1583462457
558,96,1583461529,1583461709
164,136,1583461720,1583462920
552,311,1583462190,1583462730
665,156,1583462258,1583462858
552,134,1583462697,1583463717
248,479,1583462987,1583464727
254,161,1583463389,1583463869
88,164,1583463662,1583464742
43,311,1583463886,1583465026
259,23,1583464116,1583465616
726,21,1583464654,1583466334
28,192,1583465097,1583466057
736,433,1583465372,1583465912
654,46,1583465465,1583467145
72,392,1583465691,1583466111
551,492,1583466056,1583467676
33,334,1583466353,1583467853
476,286,1583466639,1583468199
344,231,1583466819,1583468019
704,169,1583466982,1583468062
346,306,1583467620,1583468340
271,146,1583467785,1583468625
322,343,1583468336,1583470076
346,276,1583468488,1583470108
70,437,1583468765,1583470325
602,491,1583468941,1583470741
353,426,1583469292,1583469412
497,476,1583469785,1583471465
180,332,1583470169,1583471549
712,141,1583470268,1583471288
112,117,1583470591,1583471071
275,272,1583470781,1583471321
97,1,1583470811,1583470991
702,297,1583471245,1583472385
15,183,1583471869,1583473429
267,7,1583471830,1583471950
337,448,1583472281,1583473781
257,78,1583472324,1583473704
363,216,1583472783,1583472843
139,246,1583473150,1583473630
482,381,1583473261,1583474041
346,237,1583474022,1583474142
233,313,1583474255,1583474915
310,454,1583474486,1583474906
579,273,1583474449,1583476249
137,483,1583475031,1583475811
613,316,1583475542,1583475842
13,338,1583475662,1583477282
83,306,1583475858,1583475918
185,303,1583476443,1583477103
524,42,1583476650,1583478210
724,462,1583476512,1583476572
609,136,1583477173,1583478013
549,453,1583477670,1583478390
645,336,1583477813,1583478353
223,61,1583478187,1583479387
681,66,1583478443,1583479103
359,216,1583478617,1583478677
447,9,1583478920,1583479340
372,298,1583479429,1583479729
680,136,1583479291,1583479711
647,208,1583479869,1583480229
427,68,1583480302,1583480422
123,406,1583480685,1583482065
5,11,1583480995,1583482495
600,261,1583480745,1583481465
155,78,1583481511,1583483191
535,312,1583481439,1583481679
378,117,1583481958,1583483698
68,404,1583482265,1583484005
249,361,1583482796,1583483696
114,112,1583482862,1583484422
501,347,1583483286,1583483586
618,56,1583483562,1583485182
206,219,1583483463,1583485203
66,379,1583483780,1583484500
460,68,1583484410,1583485850
12,396,1583484883,1583485903
460,133,1583484933,1583485893
51,471,1583485307,1583485487
329,288,1583485255,1583486755
289,291,1583486093,1583487533
189,406,1583486228,1583488028
319,282,1583486538,1583487798
76,477,1583486539,1583487319
339,6,1583486945,1583487305
303,324,1583487440,1583488280
516,286,1583487535,1583489215
319,237,1583488008,1583488488
464,264,1583488374,1583488434
70,212,1583488629,1583490309
478,87,1583489034,1583489514
314,388,1583489002,1583490442
283,426,1583489497,1583489737
614,241,1583489960,1583491400
17,11,1583489843,1583490983
107,126,1583490062,1583491322
168,249,1583490638,1583491178
290,136,1583491108,1583492668
621,38,1583490913,1583492533
295,413,1583491319,1583493059
300,476,1583491848,1583492388
105,261,1583492393,1583492993
140,477,1583492103,1583492283
388,261,1583492556,1583494176
139,61,1583493006,1583493366
199,373,1583493591,1583495391
648,422,1583493369,1583493429
130,194,1583493709,1583494969
592,461,1583494240,1583495020
741,467,1583494233,1583495913
384,396,1583494679,1583495399
657,66,1583495299,1583496139
65,23,1583495677,1583497237
8,306,1583495657,1583497277
484,247,1583496015,1583497575
635,379,1583496472,1583497072
279,43,1583496332,1583496392
335,371,1583497011,1583497851
445,16,1583497063,1583498863
583,126,1583497427,1583498507
610,99,1583498069,1583498849
745,208,1583498103,1583499603
308,183,1583498249,1583499389
175,431,1583498612,1583500052
207,432,1583498731,1583498911
464,389,1583499090,1583499150
322,178,1583499856,1583499976
718,297,1583500066,1583500426
536,169,1583500046,1583500406
230,196,1583500383,1583502123
482,232,1583500730,1583502470
171,191,1583501397,1583501457
279,462,1583501135,1583501975
499,161,1583501724,1583502804
93,447,1583502265,1583503105
522,93,1583502185,1583503325
272,207,1583502317,1583503157
749,168,1583503104,1583503404
107,206,1583503428,1583503968
89,112,1583503231,1583504371
475,144,1583503953,1583504853
140,281,1583504126,1583505146
471,2,1583504438,1583504978
394,391,1583504877,1583505957
483,401,1583505009,1583505729
302,23,1583505482,1583507282
572,408,1583505389,1583505689
247,303,1583505794,1583506694
334,426,1583506291,1583507191
613,193,1583506210,1583506870
607,339,1583507035,1583508235
221,7,1583507265,1583507445
647,277,1583507280,1583507340
241,197,1583507553,1583508513
66,28,1583508256,1583509276
250,237,1583508100,1583508160
122,291,1583508719,1583509799
293,321,1583508670,1583510410
358,13,1583509000,1583510740
558,383,1583509690,1583511490
408,374,1583509683,1583510283
93,159,1583510136,1583510976
408,291,1583510326,1583510566
360,256,1583510450,1583510810
200,67,1583510730,1583512230
575,419,1583511429,1583511549
603,392,1583511345,1583512125
200,184,1583512190,1583513690
411,19,1583512090,1583513770
69,498,1583512378,1583512918
137,411,1583512775,1583514275
25,274,1583512830,1583513370
17,236,1583513350,1583514970
601,72,1583513713,1583514553
676,119,1583513942,1583514962
159,64,1583514265,1583515405
552,138,1583514682,1583515882
504,182,1583515164,1583516724
544,243,1583515169,1583515649
582,432,1583515678,1583516158
286,361,1583515817,1583517437
146,56,1583515839,1583517639
744,186,1583516390,1583516810
308,277,1583516821,1583518501
1,106,1583516804,1583518484
275,341,1583517332,1583518712
386,211,1583517540,1583518500
465,476,1583517718,1583519398
569,288,1583518189,1583519809
242,468,1583518321,1583518681
104,424,1583518550,1583519210
172,492,1583518933,1583518993
745,234,1583519674,1583520094
656,273,1583519803,1583520343
114,7,1583520119,1583521739
441,49,1583520073,1583520913
84,263,1583520332,1583520872
652,67,1583520919,1583522719
64,404,1583521302,1583522742
203,134,1583521400,1583521460
401,232,1583521633,1583522833
78,36,1583522374,1583523814
173,111,1583522469,1583523729
62,167,1583522435,1583523815
329,252,1583522780,1583523080
414,222,1583523544,1583525284
184,101,1583523694,1583524294
711,363,1583523917,1583524577
735,256,1583524355,1583524775
584,246,1583524527,1583525307
496,181,1583525020,1583525320
712,246,1583525165,1583526785
693,253,1583525695,1583526715
616,381,1583525567,1583527127
384,148,1583525875,1583526595
555,344,1583526276,1583527116
295,284,1583526883,1583528623
506,212,1583527017,1583527437
5,29,1583527397,1583529077
553,336,1583527438,1583528098
416,88,1583527588,1583527948
389,186,1583528281,1583529061
235,406,1583528376,1583529816
93,386,1583528499,1583528679
686,122,1583529087,1583530887
493,184,1583529062,1583530262
371,347,1583529813,1583530473
494,436,1583529943,1583531743
741,281,1583530107,1583530167
694,238,1583530578,1583531298
610,387,1583530894,1583532334
433,232,1583531128,1583532208
500,331,1583531657,1583531717
494,499,1583531743,1583532703
646,451,1583531894,1583532734
47,149,1583532359,1583533739
325,246,1583532591,1583533551
443,428,1583533129,1583533969
388,446,1583533255,1583533495
51,432,1583533511,1583534231
612,422,1583533831,1583534431
640,499,1583534394,1583535714
359,183,1583534341,1583534761
568,46,1583534481,1583535981
337,296,1583535224,1583536484
166,386,1583535243,1583535783
265,66,1583535658,1583535838
625,134,1583535737,1583537177
141,467,1583536072,1583537392
240,484,1583536772,1583537672
161,468,1583536909,1583537629
39,123,1583537097,1583538357
657,411,1583537175,1583537595
603,36,1583537589,1583539089
512,347,1583537767,1583538967
272,323,1583538125,1583538905
162,422,1583538566,1583540186
114,426,1583539135,1583540695
238,119,1583539115,1583540015
337,147,1583539213,1583540053
312,217,1583539789,1583540869
366,279,1583539951,1583541091
471,381,1583540173,1583540713
197,21,1583540910,1583542110
164,498,1583541143,1583542283
364,91,1583541211,1583542111
625,144,1583541709,1583543089
668,78,1583541689,1583543069
252,304,1583542393,1583544073
22,312,1583542553,1583543093
738,346,1583542612,1583543452
664,423,1583543328,1583543388
184,373,1583543274,1583544234
369,486,1583543407,1583545207
231,16,1583544047,1583545427
728,243,1583544575,1583546195
271,366,1583544573,1583545173
709,81,1583545047,1583546247
344,297,1583545159,1583545999
167,216,1583545255,1583545315
631,396,1583545571,1583546531
297,282,1583546327,1583546387
520,183,1583546243,1583546963
725,244,1583546416,1583547256
144,471,1583547213,1583548413
610,488,1583547429,1583549109
666,6,1583547440,1583548940
245,22,1583547915,1583548275
723,37,1583547939,1583548359
268,112,1583548384,1583548744
523,218,1583548748,1583550188
119,44,1583549036,1583550296
476,194,1583549181,1583550501
385,122,1583549894,1583550554
623,261,1583550111,1583550351
612,196,1583550329,1583551109
29,371,1583550337,1583550517
385,314,1583550689,1583552069
367,306,1583551113,1583552253
168,306,1583551644,1583552124
259,484,1583551662,1583552022
455,271,1583551973,1583553653
230,179,1583552406,1583554086
326,226,1583552917,1583553037
364,264,1583553270,1583553570
171,81,1583553513,1583554893
87,397,1583553873,1583554413
314,131,1583554093,1583555053
319,37,1583553934,1583555074
308,18,1583554471,1583555731
603,87,1583554946,1583556746
94,256,1583555113,1583555893
377,239,1583555255,1583555735
672,346,1583555533,1583556553
78,176,1583556177,1583557917
36,206,1583556506,1583557286
487,242,1583556337,1583557057
264,213,1583556765,1583558505
261,336,1583557079,1583557919
723,351,1583557371,1583557671
595,271,1583557653,1583558253
495,441,1583558097,1583559117
34,492,1583558499,1583558679
580,46,1583558622,1583559042
255,88,1583559123,1583560863
406,386,1583559441,1583560701
565,46,1583559657,1583560617
71,296,1583559779,1583559959
80,234,1583560398,1583562018
361,356,1583560751,1583560871
86,196,1583560948,1583562508
116,396,1583561273,1583561873
464,21,1583561539,1583562079
305,332,1583561714,1583562674
562,126,1583561800,1583562700
137,394,1583562367,1583563147
520,326,1583562753,1583563233
370,458,1583563184,1583563364
714,246,1583563025,1583563445
736,457,1583563554,1583565294
187,288,1583563604,1583564024
577,113,1583563813,1583564533
604,406,1583564387,1583566067
157,8,1583564713,1583566093
599,258,1583564921,1583566181
19,151,1583565079,1583566879
280,9,1583565383,1583566163
81,61,1583565876,1583567136
745,373,1583566145,1583567525
716,493,1583566737,1583567097
580,68,1583566619,1583567699
522,431,1583566940,1583567960
265,172,1583567405,1583567765
682,32,1583567749,1583567929
42,134,1583567969,1583568869
351,271,1583568231,1583569191
610,387,1583568831,1583569491
301,452,1583568625,1583568805
414,116,1583569362,1583569722
79,266,1583569506,1583569986
722,311,1583569988,1583570888
561,313,1583569844,1583570684
218,361,1583570612,1583572412
501,153,1583570965,1583571805
214,126,1583570965,1583572705
688,486,1583571566,1583572106
197,372,1583571658,1583572318
370,51,1583571913,1583572633
732,17,1583572324,1583573104
554,101,1583572299,1583572359
203,81,1583572638,1583574318
33,3,1583573047,1583573527
314,293,1583573354,1583574374
438,32,1583573801,1583574461
561,87,1583573796,1583573856
509,23,1583574245,1583574365
174,209,1583574602,1583575502
607,337,1583575036,1583576596
662,96,1583575097,1583575817
727,394,1583575216,1583575876
335,451,1583575553,1583576813
730,119,1583576022,1583577042
74,186,1583576487,1583577387
185,78,1583576703,1583577663
53,276,1583577102,1583577342
526,119,1583577379,1583578699
604,8,1583577896,1583578256
23,156,1583577797,1583578757
672,408,1583578291,1583579971
353,299,1583578507,1583578987
207,146,1583578676,1583579936
371,63,1583579115,1583580075
219,412,1583579108,1583580848
153,146,1583579417,1583579957
193,436,1583580170,1583581250
306,112,1583580434,1583581454
512,109,1583580742,1583582422
588,406,1583580789,1583582169
63,99,1583581004,1583582444
624,258,1583581721,1583582201
358,84,1583581867,1583583007
589,436,1583581808,1583582948
72,199,1583582259,1583583999
145,498,1583582953,1583583373
464,52,1583583295,1583585095
657,332,1583583135,1583584815
269,251,1583583396,1583584776
411,221,1583583925,1583584165
719,424,1583584042,1583584462
40,356,1583584288,1583585308
575,416,1583584955,1583586155
141,178,1583584954,1583585194
403,18,1583585642,1583587022
320,387,1583585534,1583586254
244,478,1583585786,1583586146
582,236,1583586074,1583586854
520,442,1583586327,1583586687
120,492,1583586936,1583588256
183,446,1583587029,1583587269
566,141,1583587644,1583589204
60,426,1583587907,1583588267
12,156,1583588032,1583588932
35,429,1583588273,1583589233
205,379,1583588471,1583588591
728,22,1583589186,1583589366
495,179,1583589561,1583589681
317,399,1583589461,1583591261
110,71,1583590127,1583591567
405,468,1583589943,1583590123
277,301,1583590319,1583590499
231,394,1583590965,1583591565
721,398,1583591138,1583592038
565,328,1583591205,1583592045
479,461,1583591429,1583593229
134,356,1583591701,1583593021
407,281,1583592068,1583593808
541,208,1583592543,1583593803
241,497,1583593018,1583593678
681,14,1583593445,1583593805
186,432,1583593245,1583594865
519,439,1583593628,1583594588
710,338,1583594175,1583595195
76,486,1583594138,1583594978
70,301,1583594997,1583595837
741,486,1583594940,1583595780
740,384,1583595036,1583595396
670,81,1583595407,1583596187
631,416,1583596118,1583596298
582,131,1583596257,1583597637
104,476,1583596733,1583597573
719,491,1583597034,1583598054
368,383,1583597303,1583598263
522,316,1583597698,1583598058
200,227,1583597796,1583598036
84,78,1583598200,1583598560
365,267,1583598062,1583598302
436,244,1583598816,1583599056
708,211,1583598611,1583599691
523,208,1583599145,1583599865
684,231,1583599572,1583601012
474,331,1583599562,1583601002
538,139,1583600022,1583601402
559,476,1583600224,1583600404
345,331,1583600885,1583602025
558,394,1583600985,1583602605
431,278,1583601051,1583602251
3,187,1583601323,1583601923
662,61,1583601982,1583603722
440,398,1583601966,1583602206
99,76,1583602317,1583602617
340,107,1583602672,1583603632
329,313,1583603137,1583604457
634,149,1583603251,1583604631
721,43,1583603906,1583604566
457,242,1583603765,1583603825
102,287,1583604006,1583605746
348,474,1583604455,1583604935
367,226,1583605153,1583606713
42,259,1583604966,1583606466
45,64,1583605519,1583606119
642,116,1583605637,1583606717
207,356,1583605816,1583607196
324,476,1583606254,1583607394
272,447,1583606601,1583607081
411,169,1583606764,1583607484
717,409,1583607490,1583609230
151,269,1583607795,1583609415
540,206,1583607916,1583608996
588,18,1583608382,1583608622
718,202,1583608469,1583610269
87,14,1583608904,1583609624
406,496,1583609096,1583610896
423,474,1583609599,1583611039
149,464,1583609582,1583610002
568,426,1583609754,1583611014
702,146,1583610135,1583610555
82,221,1583610532,1583611252
470,309,1583611190,1583612150
125,6,1583610982,1583612422
624,221,1583611756,1583612116
684,489,1583611875,1583613135
263,481,1583612317,1583612917
5,348,1583612497,1583613457
134,359,1583612653,1583613133
692,111,1583612775,1583613735
585,63,1583613085,1583614285
515,51,1583613525,1583613645
666,381,1583614022,1583614442
222,319,1583614180,1583615620
539,81,1583614570,1583615830
18,98,1583614989,1583616549
726,8,1583615287,1583616727
621,93,1583615138,1583616698
44,86,1583615633,1583615693
492,471,1583615850,1583616210
166,429,1583616063,1583617383
15,338,1583616664,1583617144
296,236,1583616911,1583618471
305,136,1583617032,1583617092
651,126,1583617446,1583618106
237,91,1583617645,1583618665
140,128,1583618332,1583619832
275,167,1583618514,1583619654
369,476,1583618997,1583619897
611,341,1583618968,1583620168
603,316,1583619356,1583621156
722,461,1583619303,1583620623
663,281,1583619825,1583621085
546,61,1583620083,1583620863
581,134,1583620648,1583621728
84,379,1583620771,1583621191
176,77,1583620941,1583621301
337,44,1583621491,1583622631
78,456,1583621855,1583622035
641,307,1583622239,1583623379
152,64,1583622048,1583623788
59,486,1583622469,1583622649
131,164,1583623045,1583623225
725,292,1583622943,1583623423
198,124,1583623725,1583624265
477,186,1583623955,1583624735
591,51,1583623884,1583625624
741,43,1583624224,1583625544
81,44,1583624496,1583625156
663,109,1583625068,1583625128
375,32,1583625011,1583625551
661,326,1583625764,1583627384
622,127,1583626014,1583626974
251,264,1583626103,1583627783
506,364,1583626355,1583626955
611,58,1583626789,1583627869
679,167,1583626892,1583628032
37,291,1583627218,1583627758
309,234,1583627580,1583628780
192,6,1583627733,1583628753
439,336,1583628495,1583629455
84,219,1583628632,1583628932
225,96,1583629126,1583630926
165,176,1583629319,1583629859
320,433,1583629766,1583630186
234,281,1583629631,1583631191
676,2,1583630033,1583631473
150,211,1583630198,1583630858
658,444,1583630569,1583631109
604,301,1583630764,1583632264
260,167,1583631432,1583631612
517,281,1583631738,1583632518
380,434,1583632085,1583632265
94,447,1583632445,1583633225
165,306,1583632426,1583633026
145,148,1583632826,1583633126
220,268,1583632895,1583633615
428,379,1583633676,1583633916
163,74,1583633623,1583633683
114,1,1583633916,1583634036
665,491,1583634083,1583635883
605,392,1583634602,1583634662
35,242,1583634770,1583635790
44,319,1583635468,1583636068
500,336,1583635689,1583636949
441,87,1583636092,1583637832
331,211,1583636019,1583637399
677,9,1583636643,1583636703
354,441,1583636465,1583637245
228,136,1583636716,1583636776
77,129,1583637336,1583638836
393,88,1583637768,1583639508
325,398,1583638074,1583639214
494,9,1583638180,1583638720
578,213,1583638240,1583639740
83,121,1583638613,1583639873
261,413,1583639226,1583640366
246,407,1583639672,1583641172
730,26,1583639503,1583640643
74,351,1583640011,1583640131
278,434,1583640274,1583641894
665,163,1583640405,1583642025
16,87,1583641003,1583642683
512,366,1583641369,1583642929
310,121,1583641203,1583642043
513,109,1583641892,1583643512
225,224,1583642381,1583642561
713,36,1583642634,1583643594
46,308,1583642831,1583644031
592,186,1583642777,1583643977
410,59,1583643560,1583645300
311,307,1583643451,1583644171
641,297,1583644051,1583645251
160,389,1583644039,1583645239
567,116,1583644230,1583644890
710,39,1583644848,1583646648
334,401,1583644820,1583645180
568,334,1583645576,1583646896
713,406,1583645513,1583646233
447,417,1583646273,1583647773
602,97,1583646388,1583647108
722,187,1583646528,1583647608
590,197,1583646849,1583647749
328,408,1583647060,1583648020
290,423,1583647626,1583648346
480,44,1583647995,1583649315
99,28,1583648223,1583649003
518,451,1583648380,1583650000
347,12,1583648802,1583650542
391,241,1583648733,1583650233
726,456,1583649281,1583650841
179,356,1583649348,1583649768
659,46,1583650099,1583651899
199,278,1583650160,1583651300
709,88,1583650711,1583651491
215,473,1583650806,1583651646
124,467,1583650807,1583652067
600,352,1583651218,1583652178
737,174,1583651893,1583652073
5,421,1583652204,1583652324
332,3,1583652196,1583653816
513,383,1583652538,1583653798
143,82,1583652796,1583652976
226,171,1583653457,1583654417
